dataset,outer_day,cross_dim,lr,weight_decay,inner_val_days,score,n_folds
criteo,16,16,0.0003,1e-05,"[13, 14, 15]",0.6043580112789071,3
criteo,16,16,0.0003,0.0001,"[13, 14, 15]",0.6043580563015729,3
criteo,16,16,0.001,1e-05,"[13, 14, 15]",0.6042952588342465,3
criteo,16,16,0.001,0.0001,"[13, 14, 15]",0.6042959885136034,3
criteo,16,32,0.0003,1e-05,"[13, 14, 15]",0.6042861732619196,3
criteo,16,32,0.0003,0.0001,"[13, 14, 15]",0.6042862219857983,3
criteo,16,32,0.001,1e-05,"[13, 14, 15]",0.6042471990914936,3
criteo,16,32,0.001,0.0001,"[13, 14, 15]",0.6042545484564755,3
criteo,16,64,0.0003,1e-05,"[13, 14, 15]",0.6043682004158656,3
criteo,16,64,0.0003,0.0001,"[13, 14, 15]",0.6043682215940476,3
criteo,16,64,0.001,1e-05,"[13, 14, 15]",0.6043194943441308,3
criteo,16,64,0.001,0.0001,"[13, 14, 15]",0.6043195492940404,3
criteo,17,16,0.0003,1e-05,"[14, 15, 16]",0.6066224720785495,3
criteo,17,16,0.0003,0.0001,"[14, 15, 16]",0.6066236655820619,3
criteo,17,16,0.001,1e-05,"[14, 15, 16]",0.6066080756605441,3
criteo,17,16,0.001,0.0001,"[14, 15, 16]",0.6066106101392009,3
criteo,17,32,0.0003,1e-05,"[14, 15, 16]",0.60659243529794,3
criteo,17,32,0.0003,0.0001,"[14, 15, 16]",0.6065925390483851,3
criteo,17,32,0.001,1e-05,"[14, 15, 16]",0.6065507675719773,3
criteo,17,32,0.001,0.0001,"[14, 15, 16]",0.6065586738056498,3
criteo,17,64,0.0003,1e-05,"[14, 15, 16]",0.6067338424285805,3
criteo,17,64,0.0003,0.0001,"[14, 15, 16]",0.6067339050877094,3
criteo,17,64,0.001,1e-05,"[14, 15, 16]",0.6065863616258356,3
criteo,17,64,0.001,0.0001,"[14, 15, 16]",0.606587097069348,3
criteo,18,16,0.0003,1e-05,"[15, 16, 17]",0.611009783880164,3
criteo,18,16,0.0003,0.0001,"[15, 16, 17]",0.6110109808032831,3
criteo,18,16,0.001,1e-05,"[15, 16, 17]",0.6109290548915398,3
criteo,18,16,0.001,0.0001,"[15, 16, 17]",0.6109335679532532,3
criteo,18,32,0.0003,1e-05,"[15, 16, 17]",0.6110395563769281,3
criteo,18,32,0.0003,0.0001,"[15, 16, 17]",0.6110400055742952,3
criteo,18,32,0.001,1e-05,"[15, 16, 17]",0.6109392111493314,3
criteo,18,32,0.001,0.0001,"[15, 16, 17]",0.6110582992993423,3
criteo,18,64,0.0003,1e-05,"[15, 16, 17]",0.611062062355245,3
criteo,18,64,0.0003,0.0001,"[15, 16, 17]",0.6110621572376894,3
criteo,18,64,0.001,1e-05,"[15, 16, 17]",0.6110822765387661,3
criteo,18,64,0.001,0.0001,"[15, 16, 17]",0.6110841446532812,3
criteo,19,16,0.0003,1e-05,"[16, 17, 18]",0.6139944317940865,3
criteo,19,16,0.0003,0.0001,"[16, 17, 18]",0.613995695774391,3
criteo,19,16,0.001,1e-05,"[16, 17, 18]",0.6139899700112439,3
criteo,19,16,0.001,0.0001,"[16, 17, 18]",0.6139971113678374,3
criteo,19,32,0.0003,1e-05,"[16, 17, 18]",0.6141921357919456,3
criteo,19,32,0.0003,0.0001,"[16, 17, 18]",0.6141926349636494,3
criteo,19,32,0.001,1e-05,"[16, 17, 18]",0.6140061973918506,3
criteo,19,32,0.001,0.0001,"[16, 17, 18]",0.6141198381165672,3
criteo,19,64,0.0003,1e-05,"[16, 17, 18]",0.6140794191855191,3
criteo,19,64,0.0003,0.0001,"[16, 17, 18]",0.614079527185622,3
criteo,19,64,0.001,1e-05,"[16, 17, 18]",0.614090683936896,3
criteo,19,64,0.001,0.0001,"[16, 17, 18]",0.6140926384431793,3
criteo,20,16,0.0003,1e-05,"[17, 18, 19]",0.6127608607250238,3
criteo,20,16,0.0003,0.0001,"[17, 18, 19]",0.6127621024544965,3
criteo,20,16,0.001,1e-05,"[17, 18, 19]",0.6125590694803112,3
criteo,20,16,0.001,0.0001,"[17, 18, 19]",0.6125667288949224,3
criteo,20,32,0.0003,1e-05,"[17, 18, 19]",0.6128537403228761,3
criteo,20,32,0.0003,0.0001,"[17, 18, 19]",0.6128542845058865,3
criteo,20,32,0.001,1e-05,"[17, 18, 19]",0.6125920630750207,3
criteo,20,32,0.001,0.0001,"[17, 18, 19]",0.6127051469310468,3
criteo,20,64,0.0003,1e-05,"[17, 18, 19]",0.6126418554282486,3
criteo,20,64,0.0003,0.0001,"[17, 18, 19]",0.6126428488899814,3
criteo,20,64,0.001,1e-05,"[17, 18, 19]",0.6127007953627276,3
criteo,20,64,0.001,0.0001,"[17, 18, 19]",0.6127046048163995,3
criteo,21,16,0.0003,1e-05,"[18, 19, 20]",0.6093109727186587,3
criteo,21,16,0.0003,0.0001,"[18, 19, 20]",0.6093123270674659,3
criteo,21,16,0.001,1e-05,"[18, 19, 20]",0.6091013397413515,3
criteo,21,16,0.001,0.0001,"[18, 19, 20]",0.609108237288157,3
criteo,21,32,0.0003,1e-05,"[18, 19, 20]",0.6093255404177191,3
criteo,21,32,0.0003,0.0001,"[18, 19, 20]",0.6093257644952293,3
criteo,21,32,0.001,1e-05,"[18, 19, 20]",0.6092003431501916,3
criteo,21,32,0.001,0.0001,"[18, 19, 20]",0.6092013573361884,3
criteo,21,64,0.0003,1e-05,"[18, 19, 20]",0.6091928502675151,3
criteo,21,64,0.0003,0.0001,"[18, 19, 20]",0.6091939038289627,3
criteo,21,64,0.001,1e-05,"[18, 19, 20]",0.6091985512922758,3
criteo,21,64,0.001,0.0001,"[18, 19, 20]",0.6092011493958499,3
