method,block,n,mean_residual,log_loss
expanding,0,53595,-0.009714994417202867,0.40454419924918206
expanding,1,62454,-0.0011797061522965742,0.41727189573344237
expanding,2,83016,-0.005807078419772801,0.3934624703593165
expanding,3,93695,-0.006476001228843003,0.3991256912632527
expanding,4,129978,-0.004469406303347354,0.35038268518392446
expanding,5,112415,-0.0030121131732252183,0.37939068362639017
expanding,6,104242,-0.0037760222748036503,0.39403371564924866
expanding,7,119285,-0.0038530770198261727,0.40739045181203565
expanding,8,132039,-0.006666264591602117,0.3704520750370316
expanding,9,142803,-0.009462543911503307,0.3696606204079256
expanding,10,139420,-0.01595980398981784,0.37367067548416244
expanding,11,127599,-0.007564583879323212,0.39726391391234306
expanding,12,142903,-0.011816478372897907,0.3909670031342267
expanding,13,175356,-0.006734967628757626,0.37294121358956805
expanding,14,174115,-0.0033106695464110232,0.3818331997597717
expanding,15,143589,-0.006624325987938081,0.4060709152354338
expanding,16,134382,-0.007889602321863264,0.40486869722437074
expanding,17,122887,-0.012411368822351292,0.3930897688600455
expanding,18,104500,-0.013636716453019355,0.39550775329478804
expanding,19,92462,-0.012789215642638501,0.38462320321856164
expanding,20,79568,-0.012990393899781738,0.385925138034846
expanding,21,75063,-0.010841794828314072,0.3913331967126509
expanding,22,63010,-0.009776959678162776,0.3867537343366858
expanding,23,59277,-0.010487852586784713,0.3886320265286767
long_only,0,53595,-0.010237705419166448,0.40499600811044273
long_only,1,62454,-0.002382992837608966,0.41711241364692264
long_only,2,83016,-0.008110051067845013,0.39450028811246945
long_only,3,93695,-0.0068827806315282306,0.3995950626317908
long_only,4,129978,-0.008003403855356521,0.350145881235
long_only,5,112415,-0.005745285984128069,0.37905747314164595
long_only,6,104242,-0.006507970079578496,0.3944536416313914
long_only,7,119285,-0.005759833325118876,0.4077909049551424
long_only,8,132039,-0.017023549196133216,0.3736236519298453
long_only,9,142803,-0.02166463026967925,0.37310588806129225
long_only,10,139420,-0.021075276486442255,0.37489136276929785
long_only,11,127599,-0.012304330038852746,0.39901580270323195
long_only,12,142903,-0.01394377761873885,0.3916541974569462
long_only,13,175356,-0.008316956188736837,0.3734935242481177
long_only,14,174115,-0.00493646724625837,0.38156237281808053
long_only,15,143589,-0.008494373864534862,0.40646097437486256
long_only,16,134382,-0.009955354577972144,0.40535179567086366
long_only,17,122887,-0.01564917578947776,0.393919106594348
long_only,18,104500,-0.015650801160454444,0.3966231939418324
long_only,19,92462,-0.014459812650484582,0.38573145788274704
long_only,20,79568,-0.013622773263615344,0.3873075490150267
long_only,21,75063,-0.01152010913129898,0.39302429798838817
long_only,22,63010,-0.010875747412858473,0.38796144777190106
long_only,23,59277,-0.011371254185237847,0.39013711368254356
short_only,0,53595,-0.009714994417202867,0.40454419924918206
short_only,1,62454,-0.0008031053130677073,0.417251183861177
short_only,2,83016,-0.005484803983257298,0.3934717609801635
short_only,3,93695,-0.005754841350087158,0.39909703879357655
short_only,4,129978,-0.0038683494592279774,0.350355646733104
short_only,5,112415,-0.002230137663312945,0.3793665701610775
short_only,6,104242,-0.0028482161919634423,0.39400973493101804
short_only,7,119285,-0.0026238404649310434,0.4073440649312792
short_only,8,132039,-0.005506734495641662,0.3703912758864886
short_only,9,142803,-0.008160522122118874,0.36952679173804215
short_only,10,139420,-0.014177287838202119,0.37338183275536
short_only,11,127599,-0.0054189514223202204,0.39718631933945797
short_only,12,142903,-0.009462451528073805,0.3907913215615392
short_only,13,175356,-0.0042032276744765566,0.37283233534461596
short_only,14,174115,-0.0005410955131797373,0.3818005137181669
short_only,15,143589,-0.0035809873283825498,0.40595047904763204
short_only,16,134382,-0.004754615667212098,0.40473634836981387
short_only,17,122887,-0.009165585640633044,0.3928470905717728
short_only,18,104500,-0.009979091015348163,0.3951841730145546
short_only,19,92462,-0.008832837874313859,0.384290249868279
short_only,20,79568,-0.008661750754767581,0.38556103787673573
short_only,21,75063,-0.006199166843659557,0.3910277747729309
short_only,22,63010,-0.004976307576779947,0.38648228910158455
short_only,23,59277,-0.005386680403237378,0.3883224315206181
combined,0,53595,-0.01023770541916645,0.40499600811044273
combined,1,62454,-0.0019662730859067797,0.4170994756420813
combined,2,83016,-0.007626937016995251,0.39447155919863325
combined,3,93695,-0.006160414836805,0.39954985641041846
combined,4,129978,-0.007369322008912125,0.35008279309193363
combined,5,112415,-0.004541554432065207,0.37899082703872544
combined,6,104242,-0.005047185238074245,0.39427606059122483
combined,7,119285,-0.003953681906149643,0.4076598449530268
combined,8,132039,-0.014944323580810595,0.37318367133359953
combined,9,142803,-0.0189932043091986,0.3724096803755609
combined,10,139420,-0.018043475729857927,0.37433356785697175
combined,11,127599,-0.008469056341479708,0.39855425720873483
combined,12,142903,-0.009852851553680944,0.3911399822943042
combined,13,175356,-0.003771598577581492,0.3731414287931746
combined,14,174115,-0.0004053408315049797,0.38145109247160813
combined,15,143589,-0.0038356998708538536,0.4062182774523112
combined,16,134382,-0.005002601718547084,0.40503554720128593
combined,17,122887,-0.010362703307399381,0.3932386438264988
combined,18,104500,-0.010075066390583034,0.395951006741802
combined,19,92462,-0.008745646714552647,0.3850481692357211
combined,20,79568,-0.007585062763764759,0.38662716616994736
combined,21,75063,-0.005060454025191027,0.39247229442387377
combined,22,63010,-0.004736778973392847,0.38760780362050107
combined,23,59277,-0.005007613581951756,0.38962142659568716
time_of_day,0,53595,-0.0003891766139216533,0.404632710780719
time_of_day,1,62454,-0.006442531896527739,0.41735487616042793
time_of_day,2,83016,-0.002361028485321101,0.3948327282094943
time_of_day,3,93695,-0.00409020101559533,0.39963818641871623
time_of_day,4,129978,-0.0076868427339636764,0.3502731138424876
time_of_day,5,112415,-0.007472198285792166,0.3792299212549225
time_of_day,6,104242,-0.005874198313825627,0.3949349834323061
time_of_day,7,119285,-0.004109471547349186,0.40786959722788885
time_of_day,8,132039,-0.013904200680769278,0.3744326800406941
time_of_day,9,142803,-0.01680622027889934,0.37409239468759087
time_of_day,10,139420,-0.015924925521412732,0.37471427056158
time_of_day,11,127599,-0.0135045625242559,0.3998522955880296
time_of_day,12,142903,-0.01609239421134166,0.3925286822587086
time_of_day,13,175356,-0.01109446147667301,0.3741468996577367
time_of_day,14,174115,-0.010616008012261086,0.3821005728890848
time_of_day,15,143589,-0.009856112604792381,0.4067264412776133
time_of_day,16,134382,-0.006262238584618494,0.4052329436488354
time_of_day,17,122887,-0.0026269305886263737,0.39317822566668353
time_of_day,18,104500,0.004622740117036347,0.39577186152820276
time_of_day,19,92462,0.002873004687268744,0.3849942225997437
time_of_day,20,79568,0.005224649579775054,0.3867111954972565
time_of_day,21,75063,0.0054991252381133655,0.39262913441075314
time_of_day,22,63010,0.003175755390816879,0.3875375887829625
time_of_day,23,59277,-0.00036829443872961977,0.38973693277855614
